,V_flux,freq 
0,200.0,4.47316470830674
1,-200.0,4.467487915881975
2,200.0,4.472782402590383
3,-110.68748748748834,5.546192408583863
4,94.76756756756474,5.54523982644691
5,-7.951951951953788,4.47259777618634
